klient,registration_date,city,loyalty_tier
Külli Raud,2025-02-27,Tallinn,bronze
Väino Nurk,2025-02-27,Tallinn,null
Ülle Nõmm,2025-02-27,Tallinn,bronze
Jaak Salu,2025-02-27,Tartu,null
Nele Toom,2025-02-27,Tartu,bronze
Liina Mets,2025-02-26,Tartu,silver
Erkki Kuusk,2025-02-26,Tartu,bronze
Liis Kukk,2025-02-26,Pärnu,bronze
Maie Roots,2025-02-25,Tartu,null
Andres Org,2025-02-25,Tallinn,null
Olev Sild,2025-02-25,Haapsalu,bronze
Tarmo Lill,2025-02-24,Pärnu,silver
Piret Pihl,2025-02-23,Tallinn,null
Kersti Kask,2025-02-23,Tallinn,bronze
Urmas Tamm,2025-02-22,Pärnu,silver
Erkki Teder,2025-02-21,Tallinn,bronze
Väino Valk,2025-02-21,Jõhvi,silver
Margus Raid,2025-02-20,Tallinn,null
Marko Luik,2025-02-20,Tallinn,null
Rain Männik,2025-02-19,Tallinn,bronze
Piret Toom,2025-02-16,Tallinn,silver
Kristjan Kivi,2025-02-16,Pärnu,bronze
Sigrid Toom,2025-02-15,Pärnu,null
Reet Lõoke,2025-02-15,Pärnu,bronze
Jaak Lill,2025-02-14,Tallinn,bronze
Kadri Orav,2025-02-14,Tallinn,null
Pille Puusepp,2025-02-14,Tallinn,null
Ants Vaher,2025-02-12,Pärnu,bronze
Merle Laas,2025-02-11,Narva,null
Elis Veski,2025-02-10,Tallinn,bronze
Sandra Puusepp,2025-02-09,Paide,bronze
Mart Ilves,2025-02-09,Tallinn,null
Indrek Oja,2025-02-09,Pärnu,bronze
Ago Mägi,2025-02-08,Pärnu,bronze
Hille Orav,2025-02-08,Tallinn,bronze
Anu Luik,2025-02-07,Tartu,bronze
Ülle Lass,2025-02-07,Tallinn,null
Aivar Lõoke,2025-02-06,Tartu,null
Kevin Arro,2025-02-05,Tartu,bronze
KEVIN Arro,2025-02-05,Tartu,bronze
Lea Kivi,2025-02-05,Jõhvi,bronze
Merike Nõmm,2025-02-04,Paide,bronze
Tiina Rebane,2025-02-04,Narva,bronze
Meelis Tammik,2025-02-04,Tartu,null
Liis Lõhmus,2025-02-03,Tallinn,bronze
Ragnar Roots,2025-02-02,Narva,null
Kristiina Orav,2025-02-01,Rakvere,null
Liis Valk,2025-01-31,Tallinn,bronze
Reet Lepp,2025-01-30,Tallinn,bronze
Tiina Puusepp,2025-01-30,Tartu,bronze
Siim Lass,2025-01-30,Valga,null
Merle Toom,2025-01-30,Tartu,null
Olev Sepp,2025-01-30,Tartu,silver
Sirje Kuusk,2025-01-29,Valga,null
Sirje kuusk,2025-01-29,Valga,silver
sirje Kuusk,2025-01-29,Valga,silver
Urmas Talvik,2025-01-29,Tallinn,silver
Taavi Toom,2025-01-29,Tallinn,bronze
Nele Koppel,2025-01-28,Võru,null
Tiit Luik,2025-01-28,Viljandi,null
Kalev Lepik,2025-01-28,Pärnu,bronze
Tarmo Vaher,2025-01-27,Pärnu,bronze
Raivo Nõmm,2025-01-25,Kuressaare,bronze
Nele Hurt,2025-01-25,Tallinn,bronze
Kati Mets,2025-01-25,Tallinn,gold
raivo Nõmm,2025-01-25,Kuressaare,bronze
Sigrid Arro,2025-01-23,Valga,bronze
Lea Kaalep,2025-01-23,Tallinn,bronze
Tarmo Kõiv,2025-01-22,Pärnu,null
Merike Sepp,2025-01-22,Pärnu,bronze
Tiina Kangur,2025-01-22,Haapsalu,null
Henri Lõhmus,2025-01-21,Pärnu,null
Reet Saar,2025-01-20,Tallinn,null
Eha Arro,2025-01-19,Tallinn,silver
Madis Nurk,2025-01-19,Tallinn,bronze
Kati Lepik,2025-01-18,Pärnu,null
Jüri Kangur,2025-01-17,Tallinn,bronze
Priit Kask,2025-01-17,Võru,bronze
Sandra Kallas,2025-01-17,Haapsalu,bronze
Heli Ilves,2025-01-15,Pärnu,null
Anna Põld,2025-01-13,Tallinn,gold
Merle Toom,2025-01-13,Tartu,silver
Reet Saar,2025-01-12,Võru,bronze
Marko Orav,2025-01-12,Paide,null
Väino Roots,2025-01-12,Tallinn,silver
Rasmus Luik,2025-01-11,Tallinn,null
Peeter Rand,2025-01-11,Valga,null
Taavi Arro,2025-01-10,Valga,null
Heli Pihl,2025-01-09,Tallinn,bronze
Heli Tamm,2025-01-09,Tallinn,null
Aivar Kõiv,2025-01-09,Haapsalu,bronze
Nele Põld,2025-01-09,Tartu,bronze
Sirje Mitt,2025-01-07,Pärnu,silver
Tiina Järv,2025-01-06,Rakvere,silver
Rasmus Kaalep,2025-01-05,Tallinn,null
Henri Valk,2025-01-03,Tallinn,null
Peeter Lass,2025-01-03,Tallinn,silver
Olev Ilves,2025-01-03,Tartu,bronze
Jüri Talvik,2025-01-02,Narva,null
Raivo Kuusk,2025-01-01,Pärnu,bronze
Aivar Liiv,2024-12-31,Tallinn,null
AIVAR Liiv,2024-12-31,Tallinn,silver
Kersti Pihl,2024-12-30,Tallinn,bronze
Lea Vaher,2024-12-30,Kuressaare,silver
Rain Mitt,2024-12-29,Narva,null
Arvo Orav,2024-12-29,Paide,silver
Tiit Luik,2024-12-28,Tallinn,bronze
Liis Koppel,2024-12-28,Valga,bronze
Riina Tammik,2024-12-27,Tartu,null
Heino Põld,2024-12-27,Tallinn,null
Ene Arro,2024-12-27,Tallinn,bronze
Siim Lass,2024-12-26,Valga,bronze
Arvo Lepik,2024-12-26,Tallinn,null
Marko Rebane,2024-12-26,Tartu,null
Lauri Järv,2024-12-24,Narva,bronze
Indrek Kull,2024-12-22,Tallinn,bronze
Aivar Paju,2024-12-22,Tartu,bronze
Lea Nurk,2024-12-21,Tallinn,null
Kati Kangur,2024-12-21,Tallinn,bronze
Arvo Teder,2024-12-20,Narva,null
Kaido Pihl,2024-12-20,Pärnu,null
Andres  Ilves,2024-12-20,Viljandi,bronze
Andres Ilves,2024-12-20,Viljandi,bronze
Sigrid Rand,2024-12-20,Pärnu,bronze
Maris Oja,2024-12-19,Tallinn,null
Urmas Mägi,2024-12-19,Tallinn,bronze
Kati Teder,2024-12-19,Viljandi,bronze
Kalev Kallas,2024-12-18,Tartu,null
Tiit Rosin,2024-12-18,Tartu,bronze
Maris Rebane,2024-12-17,Pärnu,null
Pille Must,2024-12-17,Tallinn,null
Triin Põld,2024-12-17,Tallinn,null
Erkki Ilves,2024-12-15,Rakvere,bronze
Erkki  Ilves,2024-12-15,Rakvere,bronze
Indrek Sild,2024-12-14,Valga,null
Urmas Rebane,2024-12-14,Haapsalu,bronze
Katrin Lass,2024-12-14,Tartu,silver
Annika Mägi,2024-12-14,Pärnu,bronze
Maie Kangur,2024-12-12,Pärnu,null
Ene Pärn,2024-12-12,Tartu,null
Olev Tamm,2024-12-12,Tallinn,gold
Kristjan Tammik,2024-12-12,Tartu,null
liis Liiv,2024-12-11,Tallinn,null
Väino Luik,2024-12-11,Tartu,bronze
Nele Aas,2024-12-10,Võru,bronze
NELE Aas,2024-12-10,Võru,bronze
Jaak Kangur,2024-12-08,Tallinn,null
Marika Luik,2024-12-08,Tallinn,null
Kristi Raud,2024-12-08,Kuressaare,null
Ene Rand,2024-12-07,Tallinn,bronze
Tarmo Oja,2024-12-07,Tartu,bronze
Kristjan Lass,2024-12-03,Tallinn,bronze
Kalev Valk,2024-12-03,Tallinn,bronze
Reet Mets,2024-11-28,Tartu,bronze
Sander Kuusk,2024-11-27,Kuressaare,null
Sander Talvik,2024-11-26,Tallinn,bronze
Maris Rand,2024-11-25,Tartu,null
Arvo Mägi,2024-11-24,Tallinn,null
Maris Pihl,2024-11-24,Pärnu,null
Nele Salu,2024-11-23,Tallinn,silver
Elis Põld,2024-11-22,Tallinn,null
Liina Sepp,2024-11-22,Rakvere,silver
Ene Lõoke,2024-11-21,Tallinn,null
Kevin Nurk,2024-11-20,Narva,null
Karin Salu,2024-11-20,Kuressaare,bronze
Mart Mitt,2024-11-20,Tartu,bronze
Heino Liiv,2024-11-20,Tallinn,bronze
Margus Kukk,2024-11-20,Pärnu,bronze
Laura Männik,2024-11-19,Tallinn,null
Priit Orav,2024-11-18,Pärnu,bronze
Heli Mägi,2024-11-18,Kuressaare,silver
Urmas Mägi,2024-11-17,Tallinn,bronze
LAURA Kull,2024-11-15,Tallinn,null
Tiit Kangur,2024-11-15,Viljandi,null
Lauri Kõiv,2024-11-15,Tartu,null
Rain Mägi,2024-11-14,Tallinn,null
rain Mägi,2024-11-14,Tallinn,null
Riina Kull,2024-11-10,Haapsalu,null
TAAVI Lepik,2024-11-09,Pärnu,null
Taavi Lepik,2024-11-09,Pärnu,bronze
Raivo Kallas,2024-11-09,Tallinn,null
Henri Vaher,2024-11-09,Pärnu,null
Terje Roots,2024-11-09,Tallinn,gold
Sander Lepp,2024-11-09,Tallinn,null
Tiit Lõoke,2024-11-08,Tartu,null
Merle Järv,2024-11-07,Tartu,bronze
Merle  Järv,2024-11-07,Tartu,null
Aivar Mägi,2024-11-06,Tartu,bronze
Tõnu Saar,2024-11-06,Tallinn,null
Arvo Rebane,2024-11-05,Tartu,silver
Kersti Sepp,2024-11-04,Tallinn,silver
Hille Põld,2024-11-03,Tallinn,null
Mart Sepp,2024-11-03,Tartu,silver
Aivar  Toom,2024-11-02,Rakvere,bronze
Heli Mets,2024-11-02,Tartu,null
Eha Hurt,2024-11-02,Tartu,bronze
Terje Kukk,2024-11-01,Tallinn,null
Reet Salu,2024-10-30,Narva,null
tiit Toom,2024-10-29,Tallinn,null
Indrek Liiv,2024-10-28,Tallinn,bronze
Kersti Rosin,2024-10-28,Viljandi,null
Sandra Kuusk,2024-10-27,Tartu,null
Maris Veski,2024-10-26,Pärnu,bronze
Külli Tammik,2024-10-26,Tartu,bronze
Kersti Lepik,2024-10-26,Tallinn,null
Olev Rosin,2024-10-26,Tallinn,null
Sandra Lõhmus,2024-10-25,Võru,bronze
Meelis Põld,2024-10-25,Haapsalu,bronze
Enn Kask,2024-10-25,Pärnu,bronze
Ülle Kallas,2024-10-24,Pärnu,bronze
Reet Lepik,2024-10-23,Haapsalu,bronze
Aili Paas,2024-10-22,Tartu,bronze
Väino Tamm,2024-10-22,Pärnu,bronze
Raivo Sild,2024-10-22,Tallinn,null
Kati Mets,2024-10-21,Tartu,null
Terje Nurk,2024-10-21,Tallinn,null
Aivar Must,2024-10-20,Tartu,bronze
Sander Põld,2024-10-18,Pärnu,null
Enn Talvik,2024-10-16,Tallinn,bronze
Kristiina Hurt,2024-10-15,Viljandi,null
Ülle Männik,2024-10-14,Kuressaare,bronze
Aivar Saar,2024-10-14,Pärnu,bronze
Lea Lõhmus,2024-10-09,Tartu,bronze
Enn Kuusik,2024-10-09,Narva,bronze
Raivo Salu,2024-10-07,Tartu,bronze
Aili Oja,2024-10-07,Tallinn,bronze
Kristjan Sepp,2024-10-04,Valga,gold
Peeter Kask,2024-10-02,Tartu,gold
Kersti Pärn,2024-10-01,Paide,null
Taavi Luik,2024-09-29,Tartu,silver
Marko Luik,2024-09-29,Pärnu,bronze
Aivar Koppel,2024-09-28,Tallinn,null
Mart Must,2024-09-26,Rakvere,bronze
Ants Lõhmus,2024-09-25,Viljandi,null
Tiina Lepik,2024-09-25,Tallinn,bronze
Piret Hurt,2024-09-24,Tartu,null
Ragnar Kallas,2024-09-23,Tallinn,silver
Anu Paas,2024-09-23,Tallinn,bronze
Kristi Orav,2024-09-22,Narva,null
Mart Teder,2024-09-20,Tartu,bronze
Anna Kallas,2024-09-19,Tallinn,null
Heino Lepp,2024-09-18,Tallinn,bronze
Heino Lõoke,2024-09-18,Tallinn,bronze
Peeter Lass,2024-09-18,Tallinn,gold
Hille Toom,2024-09-16,Tallinn,silver
Marko Lõhmus,2024-09-16,Valga,null
Merike Veski,2024-09-15,Tallinn,null
Olev Org,2024-09-11,Pärnu,null
Tõnu Saar,2024-09-09,Tallinn,null
Lauri Laas,2024-09-08,Tallinn,null
Elis Põld,2024-09-08,Tallinn,bronze
Eha Luik,2024-09-07,Haapsalu,bronze
Lea Veski,2024-09-03,Tallinn,bronze
Tiina Kukk,2024-09-02,Tallinn,null
Siim Männik,2024-08-30,Tartu,silver
Kristi Kask,2024-08-30,Pärnu,null
Terje Ilves,2024-08-27,Pärnu,bronze
Andres Liiv,2024-08-27,Tartu,silver
Ene Kuusik,2024-08-25,Jõhvi,bronze
Sirje Männik,2024-08-24,Tallinn,silver
Peeter Raid,2024-08-24,Pärnu,null
lauri Lõhmus,2024-08-23,Tallinn,bronze
Lauri Lõhmus,2024-08-23,Tallinn,bronze
Lauri Värk,2024-08-21,Pärnu,bronze
Mart Aas,2024-08-20,Tallinn,null
Sandra Mägi,2024-08-20,Tallinn,null
Lea Luik,2024-08-18,Tartu,bronze
Anu Veski,2024-08-13,Valga,bronze
Ants Rebane,2024-08-13,Pärnu,null
Annika Nurk,2024-08-13,Viljandi,null
Siim Orav,2024-08-13,Rakvere,null
Reet Kull,2024-08-10,Tallinn,bronze
Tiit Lõoke,2024-08-06,Tartu,bronze
Liis Kivi,2024-08-05,Tallinn,silver
Ago Sild,2024-08-05,Haapsalu,null
Piret Roots,2024-08-04,Valga,bronze
Toomas Sild,2024-08-03,Tallinn,silver
Ants Nurk,2024-08-01,Rakvere,bronze
Rasmus Roots,2024-07-29,Tartu,bronze
Madis Koppel,2024-07-29,Tallinn,null
Kersti Rosin,2024-07-28,Pärnu,null
Tiina Lepp,2024-07-28,Võru,bronze
Ragnar Lill,2024-07-27,Paide,bronze
Anna Mägi,2024-07-26,Pärnu,null
Annika Lepp,2024-07-23,Tallinn,null
Tõnu Tamm,2024-07-21,Tallinn,bronze
Lauri Saar,2024-07-21,Tartu,bronze
Terje Arro,2024-07-17,Narva,null
Katrin Koppel,2024-07-16,Võru,bronze
Tõnu Saar,2024-07-15,Tartu,null
Hille Pihl,2024-07-13,Tallinn,bronze
Maie Kull,2024-07-07,Tallinn,bronze
Kristiina Lepp,2024-07-02,Viljandi,bronze
Külli Järv,2024-07-02,Tartu,null
Pille Mägi,2024-07-01,Tallinn,bronze
Hille Tammik,2024-06-30,Narva,bronze
Olev Lepp,2024-06-30,Valga,bronze
Marika Luik,2024-06-28,Tallinn,silver
Terje Oja,2024-06-27,Tartu,bronze
Marko Kallas,2024-06-25,Pärnu,bronze
Lea Pärn,2024-06-25,Tartu,null
Tõnu Luik,2024-06-24,Narva,silver
Ene Veski,2024-06-24,Tallinn,bronze
Aili Kull,2024-06-24,Tartu,null
Grete Mets,2024-06-24,Valga,bronze
Grete Kõiv,2024-06-21,Tallinn,bronze
Peeter Mets,2024-06-19,Tallinn,null
peeter Mets,2024-06-19,Tallinn,bronze
Annika Sepp,2024-06-19,Narva,null
Kristjan Järv,2024-06-15,Tartu,silver
Henri Lepik,2024-06-14,Tallinn,silver
Kaido  Toom,2024-06-13,Tallinn,bronze
Kaido Toom,2024-06-13,Tallinn,null
Eha Aas,2024-06-13,Tallinn,null
Kaido Puusepp,2024-06-12,Tallinn,null
Sandra Orav,2024-06-10,Narva,bronze
Peeter Vaher,2024-06-08,Pärnu,null
Kadri Lõoke,2024-06-08,Pärnu,bronze
Anu Luik,2024-06-05,Tallinn,bronze
Külli Raid,2024-06-04,Tartu,bronze
Sigrid Lepik,2024-06-02,Tallinn,null
Jüri Mets,2024-05-29,Tartu,bronze
Maie Kõiv,2024-05-25,Tartu,silver
Triin Kuusik,2024-05-25,Tallinn,bronze
rein Kallas,2024-05-22,Jõhvi,null
Liis Sepp,2024-05-21,Valga,bronze
Raivo Orav,2024-05-19,Tallinn,null
henri Saar,2024-05-19,Tartu,bronze
Sirje Kivi,2024-05-15,Pärnu,silver
Andres Lõoke,2024-05-15,Tallinn,silver
Tarmo Rosin,2024-05-15,Narva,null
Kristiina Lass,2024-05-11,Pärnu,null
Nele Orav,2024-05-10,Tallinn,null
Ants Org,2024-05-10,Tartu,bronze
Maris Raud,2024-05-10,Tallinn,gold
Pille Lill,2024-05-06,Tallinn,null
Marika Luik,2024-05-04,Tartu,null
Anna Talvik,2024-05-04,Viljandi,silver
Enn Ilves,2024-05-03,Tartu,null
Rein Sild,2024-05-01,Tallinn,silver
Indrek Tamm,2024-04-30,Kuressaare,null
Rein Kivi,2024-04-28,Tallinn,null
Lea Laas,2024-04-28,Pärnu,null
Sirje Lõhmus,2024-04-27,Tallinn,bronze
lea Kukk,2024-04-23,Tartu,null
Meelis Puusepp,2024-04-23,Kuressaare,null
Olev Kukk,2024-04-19,Haapsalu,null
Anna Rand,2024-04-11,Tartu,null
Maris Talvik,2024-04-10,Tallinn,null
Heino Sepp,2024-04-09,Tartu,bronze
Urmas Hurt,2024-04-08,Tartu,bronze
Riina Paas,2024-04-03,Tallinn,bronze
Meelis Kangur,2024-04-02,Pärnu,bronze
Annika Luik,2024-03-31,Tallinn,bronze
Kati  Kask,2024-03-26,Pärnu,silver
Kevin Kõiv,2024-03-24,Tallinn,bronze
Taavi Järv,2024-03-21,Tartu,null
maie Aas,2024-03-21,Tallinn,bronze
Liis Raid,2024-03-21,Tallinn,silver
Marit Teder,2024-03-20,Viljandi,silver
Olev Rosin,2024-03-18,Tartu,silver
Merle Mitt,2024-03-10,Tallinn,null
Mart Aas,2024-03-09,Pärnu,bronze
Kevin Lõoke,2024-03-06,Võru,bronze
Elis Pihl,2024-03-06,Narva,null
Lea  Kukk,2024-03-05,Tallinn,silver
Annika Lill,2024-03-05,Valga,bronze
Rain  Salu,2024-02-26,Jõhvi,bronze
Olev Luik,2024-02-23,Tallinn,bronze
Mihkel Mägi,2024-02-18,Tallinn,silver
Maris  Lepp,2024-02-17,Tartu,bronze
Ago Hurt,2024-02-14,Tallinn,null
KADRI Mitt,2024-02-11,Jõhvi,null
Arvo Roots,2024-02-07,Tartu,null
Ülle Paas,2024-02-07,Haapsalu,null
Triin Kuusik,2024-02-06,Tallinn,null
Erkki Paas,2024-02-06,Tartu,silver
Tõnu Paas,2024-02-05,Tallinn,null
tõnu Must,2024-02-03,Tartu,null
grete Põld,2024-02-01,Viljandi,silver
Madis  Kangur,2024-02-01,Narva,bronze
Madis Kangur,2024-02-01,Narva,bronze
Liina Raud,2024-01-30,Tallinn,null
Priit Pihl,2024-01-24,Tartu,bronze
mart Lepp,2024-01-24,Tallinn,silver
Toomas Toom,2024-01-24,Tartu,bronze
Sirje Rand,2024-01-23,Viljandi,bronze
REET Oja,2024-01-23,Rakvere,bronze
Piret Värk,2024-01-16,Tartu,null
AGO Kivi,2024-01-12,Kuressaare,null
Lea Koppel,2024-01-11,Pärnu,bronze
Rain Kallas,2024-01-10,Narva,bronze
Anu Pihl,2024-01-05,Tallinn,silver
ÜLLE Teder,2023-12-29,Pärnu,bronze
Liis Aas,2023-12-26,Pärnu,silver
Elis pärn,2023-12-24,Jõhvi,silver
peeter Veski,2023-12-22,Tartu,bronze
Madis Lõoke,2023-12-21,Tallinn,bronze
Kristi Kaalep,2023-12-18,Rakvere,bronze
Karin Raid,2023-12-14,Tallinn,bronze
Heino lõoke,2023-12-12,Tallinn,null
Tiit Tammik,2023-12-09,Tallinn,bronze
Sigrid Kuusik,2023-11-28,Tallinn,null
Andres  Nõmm,2023-11-20,Jõhvi,bronze
Kristi Koppel,2023-11-13,Tallinn,silver
annika Lõoke,2023-11-13,Tartu,null
KARIN Paas,2023-11-09,Pärnu,silver
Marit Paju,2023-11-07,Tallinn,null
Ragnar Põld,2023-11-06,Võru,silver
Siim Sepp,2023-11-04,Kuressaare,null
Mart Järv,2023-11-01,Tallinn,bronze
Raivo Org,2023-10-31,Tallinn,null
Anna Mets,2023-10-30,Narva,null
Maris Veski,2023-10-22,Tallinn,silver
Triin Nõmm,2023-10-11,Rakvere,null
Triin  Nõmm,2023-10-11,Rakvere,bronze
Indrek Lill,2023-10-09,Tartu,null
AIVAR Kivi,2023-10-08,Tallinn,null
Arvo arro,2023-10-03,Tallinn,bronze
Meelis nurk,2023-10-03,Tartu,null
Heino Lepik,2023-10-02,Narva,null
Kaido Tamm,2023-09-27,Tallinn,silver
Kevin Valk,2023-09-24,Tallinn,bronze
Hille Kuusik,2023-09-23,Jõhvi,bronze
jüri Nõmm,2023-09-22,Tartu,null
Tiina Puusepp,2023-09-17,Tallinn,null
Arvo vaher,2023-09-09,Võru,null
Tiina Raud,2023-09-08,Tallinn,bronze
katrin Kuusk,2023-09-06,Tartu,bronze
Laura Mägi,2023-09-05,Tallinn,null
Olev Sepp,2023-08-31,Rakvere,null
Külli Lass,2023-08-26,Tallinn,null
aili Rosin,2023-08-24,Tartu,null
Lea Orav,2023-08-24,Tallinn,bronze
hille Kuusk,2023-08-23,Narva,null
Pille rosin,2023-08-22,Tallinn,null
Kati Paas,2023-08-17,Viljandi,bronze
Rain Toom,2023-08-15,Tartu,bronze
KÜLLI Sild,2023-08-10,Tartu,bronze
Anna Nõmm,2023-08-08,Narva,gold
Henri Nõmm,2023-08-08,Tallinn,bronze
henri Nõmm,2023-08-08,Tallinn,bronze
Tarmo Paas,2023-08-07,Tartu,silver
Jaak Kangur,2023-08-02,Viljandi,silver
Anna Talvik,2023-07-20,Haapsalu,silver
Erkki Kallas,2023-07-15,Tallinn,null
Jaak Mägi,2023-07-01,Tartu,bronze
Aili Talvik,2023-06-24,Viljandi,null
marika Lepp,2023-06-22,Tartu,gold
lauri Kukk,2023-06-21,Tallinn,null
tarmo Põld,2023-06-12,Tartu,silver
Jaak  Veski,2023-06-09,Valga,null
Eha Lill,2023-06-08,Tartu,null
Triin Salu,2023-06-01,Paide,null
marit Puusepp,2023-05-30,Tartu,null
Laura Must,2023-05-25,Tallinn,silver
Ene Arro,2023-04-16,Tartu,bronze
lea Mets,2023-04-11,Tartu,null
Kadri nurk,2023-04-05,Paide,silver
Piret Lepik,2023-04-04,Kuressaare,null
MADIS Rand,2023-04-02,Tartu,silver
Heli Sild,2023-03-31,Tallinn,null
Elis Valk,2023-03-17,Tartu,null
Kevin lõhmus,2023-03-17,Tallinn,silver
Ülle  Laas,2023-02-15,Jõhvi,silver
Ülle Lõhmus,2023-02-08,Tartu,silver
ÜLLE Lõhmus,2023-02-08,Tartu,silver
Sandra Orav,2023-02-08,Tallinn,gold
Lea Mitt,2023-01-24,Tartu,silver
Väino pihl,2023-01-14,Tallinn,gold
tiina Talvik,2023-01-12,Pärnu,null
kristiina Ilves,2023-01-10,Tallinn,null
TÕNU Valk,2023-01-02,Tallinn,null
Sigrid kivi,2022-12-23,Narva,null
ANTS Mets,2022-12-23,Tartu,silver
MAIE Paju,2022-12-11,Tallinn,silver
Reet Nurk,2022-12-09,Tallinn,gold
Marika Salu,2022-11-28,Tallinn,null
katrin Paas,2022-11-23,Tallinn,silver
sandra Koppel,2022-10-18,Pärnu,silver
Priit mitt,2022-10-10,Pärnu,silver
Peeter Liiv,2022-10-05,Tartu,silver
ANTS Nurk,2022-09-07,Tallinn,bronze
Ants Värk,2022-09-02,Võru,bronze
merle Mets,2022-08-11,Jõhvi,gold
ANNA Org,2022-08-03,Tartu,null
GRETE Tamm,2022-07-23,Haapsalu,gold
MARKO Oja,2022-07-13,Tartu,silver
GRETE Kukk,2022-07-05,Valga,gold
Heli Värk,2022-07-05,Viljandi,silver
Peeter Nõmm,2022-06-30,Tallinn,null
margus Kukk,2022-06-14,Tallinn,bronze
Kevin Arro,2022-06-07,Tartu,null
Rain Raud,2022-05-30,Tallinn,gold
Erkki  Saar,2022-05-30,Pärnu,silver
JÜRI Valk,2022-05-27,Rakvere,gold
Kevin Tammik,2022-05-26,Tartu,null
rein Orav,2022-05-14,Tallinn,null
mihkel Rosin,2022-05-14,Narva,silver
Mihkel  Rosin,2022-05-14,Narva,silver
Kadri kukk,2022-05-09,Narva,null
LIIS Männik,2022-04-14,Tallinn,null
Laura Kangur,2022-04-09,Tallinn,null
Anna Kull,2022-03-24,Tallinn,silver
Indrek Kuusk,2022-03-22,Tartu,null
Heino  Mitt,2022-03-07,Tallinn,silver
Ene Järv,2022-02-26,Tallinn,silver
Pille  Aas,2022-02-17,Haapsalu,silver
Külli mitt,2022-02-07,Jõhvi,gold
Grete paas,2022-01-03,Tallinn,gold
Marko  Roots,2022-01-01,Narva,gold
jüri Liiv,2022-01-01,Kuressaare,gold
MARIS Paas,2021-12-28,Tartu,gold
Maris paas,2021-12-28,Tartu,gold
Kadri  Kull,2021-12-21,Kuressaare,null
Rein Kaalep,2021-12-19,Kuressaare,null
Kristi  Teder,2021-12-18,Tallinn,null
MADIS Hurt,2021-12-02,Tartu,gold
Tiit Arro,2021-11-11,Tallinn,null
Maie  Kuusk,2021-11-08,Tallinn,bronze
Nele  Rebane,2021-10-27,Tallinn,null
Ene paju,2021-10-25,Valga,bronze
Sandra veski,2021-10-23,Tallinn,gold
Sirje Lõhmus,2021-10-21,Tallinn,null
AIVAR Järv,2021-10-21,Tallinn,gold
triin Veski,2021-09-22,Pärnu,null
Lauri nõmm,2021-08-30,Tartu,gold
jüri Rosin,2021-08-26,Tartu,bronze
Ragnar Kask,2021-08-23,Haapsalu,silver
Raivo Roots,2021-07-31,Tartu,silver
AGO Rand,2021-07-30,Pärnu,gold
Taavi  Puusepp,2021-07-27,Tallinn,silver
kevin Lass,2021-07-19,Võru,silver
Kaido Sild,2021-07-12,Tallinn,null
erkki Liiv,2021-07-10,Tallinn,null
Erkki Lass,2021-06-29,Tartu,gold
tõnu Roots,2021-06-28,Tartu,silver
Triin Männik,2021-06-09,Valga,null
Tiina Mägi,2021-05-15,Pärnu,silver
kristiina Kask,2021-05-14,Tallinn,bronze
SIIM Kask,2021-05-08,Tartu,gold
sander Liiv,2021-04-25,Võru,silver
MARIS Kuusk,2021-04-12,Tartu,bronze
Lauri Rosin,2021-03-29,Tartu,gold
riina Lõhmus,2021-03-21,Tallinn,silver
Enn Puusepp,2021-03-17,Tartu,gold
ants Salu,2021-03-09,Paide,gold
Kersti must,2021-03-06,Tallinn,null
marko Nõmm,2021-03-02,Tallinn,null
anu Sild,2021-03-02,Rakvere,null
LIINA Veski,2021-02-27,Paide,null
Henri kivi,2021-02-22,Tallinn,null
Kati  Lõoke,2021-02-22,Kuressaare,silver
Henri Kivi,2021-02-22,Tallinn,silver
sander Lill,2021-02-22,Tartu,null
Liina mägi,2021-02-16,Tallinn,gold
Maris Rebane,2021-02-03,Tartu,null
Tiina Talvik,2021-02-01,Pärnu,gold
Siim Raid,2021-01-13,Pärnu,silver
Ragnar  Talvik,2021-01-02,Tallinn,silver
tiina Teder,2020-12-25,Narva,null
eha Raid,2020-12-17,Valga,gold
Kristi Hurt,2020-11-17,Rakvere,silver
merle Tamm,2020-11-06,Valga,silver
Peeter Nurk,2020-10-29,Tallinn,null
Pille  Kivi,2020-10-04,Valga,silver
ene Rebane,2020-09-28,Tartu,null
Väino Mägi,2020-09-26,Tallinn,null
anna Rosin,2020-09-25,Kuressaare,silver
Enn Sepp,2020-09-19,Tallinn,null
kristi Kuusik,2020-09-14,Tallinn,bronze
Kersti mets,2020-09-08,Tallinn,null
Reet Raid,2020-08-27,Tartu,silver
Kristjan paas,2020-08-17,Tartu,gold
piret Kivi,2020-08-05,Tartu,null
Jüri  Salu,2020-08-01,Tallinn,silver
Piret  Lepp,2020-07-18,Tallinn,null
ene Lass,2020-07-11,Tartu,bronze
KATI Lill,2020-06-22,Tartu,silver
Külli Ilves,2020-05-28,Tallinn,gold
Liis Sepp,2020-05-25,Tallinn,null
Meelis Rebane,2020-05-07,Tallinn,null
karin Järv,2020-05-06,Paide,null
Nele Roots,2020-05-05,Tallinn,bronze
Lea  Aas,2020-05-05,Pärnu,null
Heli Paas,2020-04-28,Võru,silver
hille Lõoke,2020-04-26,Tartu,gold
Margus  Rosin,2020-04-14,Tallinn,gold
sander Mägi,2020-04-02,Pärnu,null
Margus Rand,2020-03-18,Pärnu,gold
Elis Sild,2020-02-23,Tallinn,bronze
Elis sild,2020-02-23,Tallinn,bronze
Anna Kallas,2020-02-23,Tallinn,null
henri Lepik,2020-02-15,Tartu,silver
merike Mets,2020-02-13,Haapsalu,gold
lea Mets,2020-02-08,Pärnu,silver
olev Paju,2020-01-20,Narva,silver
Annika Org,2020-01-08,Tallinn,null
Erkki Ilves,2020-01-02,Tartu,gold